Summary,Issue Type,Epic Link,Priority,Assignee,Description,Labels,Story Points
US-1.1,Story,EPIC-01: Auth & Onboarding,P0,Matias,Login de usuario,auth,5
US-1.2,Story,EPIC-01: Auth & Onboarding,P0,Matias,Registro de paciente,auth,5
US-1.3,Story,EPIC-01: Auth & Onboarding,P1,Matias,Recuperacion de contrasena,auth,3
US-1.5,Story,EPIC-01: Auth & Onboarding,P0,Matias,Registro de clinica y equipo (MVP),"auth,registro-clinica",5
US-1.6,Story,EPIC-01: Auth & Onboarding,P1,Matias,Cierre de sesion,auth,3
US-1.7,Story,EPIC-01: Auth & Onboarding,P0,Matias,"Busqueda de clinicas afiliadas (por nombre o por cercania, radio 5 km)","auth,busqueda-clinicas",5
US-1.8,Story,EPIC-01: Auth & Onboarding,P0,Matias,Afiliacion a clinica,"auth,busqueda-clinicas",3
T-1.1,Task,EPIC-01: Auth & Onboarding,,Matias,Configurar Supabase Auth (email/password),auth,5
T-1.2,Task,EPIC-01: Auth & Onboarding,,Matias,Crear tabla perfiles y trigger de sync con auth.users,auth,5
T-1.3,Task,EPIC-01: Auth & Onboarding,,Matias,Crear middleware de autenticacion (JWT + clinica_id),auth,8
T-1.4,Task,EPIC-01: Auth & Onboarding,,Matias,Implementar pagina de login,auth,5
T-1.5,Task,EPIC-01: Auth & Onboarding,,Matias,Implementar formulario de registro de paciente,auth,5
T-1.6,Task,EPIC-01: Auth & Onboarding,,Matias,Implementar flujo de recuperacion de contrasena,auth,3
T-1.8,Task,EPIC-01: Auth & Onboarding,,Matias,Crear wizard de onboarding de clinica (MVP),"auth,registro-clinica",8
T-1.9,Task,EPIC-01: Auth & Onboarding,,Matias,Implementar ProtectedRoute y role-based routing,auth,5
T-1.10,Task,EPIC-01: Auth & Onboarding,,Matias,Configurar RLS para perfiles,auth,5
T-1.11,Task,EPIC-01: Auth & Onboarding,,Matias,Implementar cierre de sesion,auth,3
T-1.12,Task,EPIC-01: Auth & Onboarding,,Matias,"Crear hooks de autenticacion (useAuth, useUser)",auth,5
T-1.13,Task,EPIC-01: Auth & Onboarding,,Matias,Agregar columnas latitud/longitud a clinicas + indice geo,"auth,busqueda-clinicas",3
T-1.14,Task,EPIC-01: Auth & Onboarding,,Matias,"Implementar pestana de busqueda de clinicas (por nombre y por cercania, radio 5 km)","auth,busqueda-clinicas",5
T-1.15,Task,EPIC-01: Auth & Onboarding,,Matias,Implementar flujo de afiliacion del paciente a una clinica,"auth,busqueda-clinicas",5
US-2.1,Story,EPIC-02: Pacientes,P0,Bianca,Registrar paciente nuevo,pacientes,8
US-2.2,Story,EPIC-02: Pacientes,P1,Bianca,Editar informacion del paciente,pacientes,5
US-2.3,Story,EPIC-02: Pacientes,P0,Bianca,Buscar pacientes,pacientes,5
US-2.4,Story,EPIC-02: Pacientes,P0,Bianca,Consultar ficha del paciente,pacientes,8
US-2.5,Story,EPIC-02: Pacientes,P2,Bianca,Registrar contacto de emergencia,pacientes,3
US-2.6,Story,EPIC-02: Pacientes,P1,Bianca,Listar pacientes con paginacion,pacientes,5
US-2.7,Story,EPIC-02: Pacientes,P1,Bianca,Ver historial de atenciones del paciente,pacientes,5
T-2.1,Task,EPIC-02: Pacientes,,Bianca,Crear tabla pacientes + RLS,pacientes,5
T-2.2,Task,EPIC-02: Pacientes,,Bianca,Crear componente FormPaciente (registro/edicion),pacientes,8
T-2.3,Task,EPIC-02: Pacientes,,Bianca,Crear componente ListaPacientes con paginacion,pacientes,5
T-2.4,Task,EPIC-02: Pacientes,,Bianca,Implementar busqueda de pacientes,pacientes,5
T-2.5,Task,EPIC-02: Pacientes,,Bianca,Crear componente FichaPaciente (con tabs),pacientes,13
T-2.6,Task,EPIC-02: Pacientes,,Bianca,Implementar formulario de contacto de emergencia,pacientes,3
T-2.7,Task,EPIC-02: Pacientes,,Bianca,Crear vista de historial de atenciones,pacientes,5
T-2.8,Task,EPIC-02: Pacientes,,Bianca,Implementar validaciones de formulario,pacientes,5
T-2.9,Task,EPIC-02: Pacientes,,Bianca,Crear servicios de pacientes (CRUD Supabase),pacientes,5
US-3.1,Story,EPIC-03: Historia Clinica,P0,Carlos,Registrar historia clinica,historia-clinica,8
US-3.2,Story,EPIC-03: Historia Clinica,P0,Carlos,Consultar historia clinica,historia-clinica,5
US-3.3,Story,EPIC-03: Historia Clinica,P1,Carlos,Actualizar historia clinica,historia-clinica,5
T-3.1,Task,EPIC-03: Historia Clinica,,Carlos,Crear tabla historiales_clinicos + RLS,historia-clinica,5
T-3.2,Task,EPIC-03: Historia Clinica,,Carlos,Crear formulario de historia clinica (todos los campos),historia-clinica,8
T-3.3,Task,EPIC-03: Historia Clinica,,Carlos,Implementar servicio de historia clinica (CRUD),historia-clinica,5
T-3.4,Task,EPIC-03: Historia Clinica,,Carlos,Crear vista de consulta de historia,historia-clinica,5
T-3.5,Task,EPIC-03: Historia Clinica,,Carlos,Implementar edicion de historia clinica,historia-clinica,5
T-3.7,Task,EPIC-03: Historia Clinica,,Carlos,Integrar historia clinica en ficha del paciente,historia-clinica,5
US-4.1,Story,EPIC-04: Odontograma,P0,Melissa,Visualizar odontograma,odontograma,13
US-4.2,Story,EPIC-04: Odontograma,P0,Melissa,Registrar condicion de pieza,odontograma,8
US-4.3,Story,EPIC-04: Odontograma,P1,Melissa,Registrar condicion por superficie,odontograma,8
US-4.4,Story,EPIC-04: Odontograma,P2,Melissa,Agregar observaciones por pieza,odontograma,5
US-4.5,Story,EPIC-04: Odontograma,P1,Melissa,Ver historial de odontogramas,odontograma,5
T-4.1,Task,EPIC-04: Odontograma,,Melissa,"Crear tabla odontogramas + RLS (piezas en JSONB, sin tabla odontograma_piezas)",odontograma,5
T-4.2,Task,EPIC-04: Odontograma,,Melissa,Obtener/crear imagen de odontograma base (FDI),odontograma,8
T-4.3,Task,EPIC-04: Odontograma,,Melissa,Implementar mapa de zonas clickeables sobre imagen,odontograma,13
T-4.4,Task,EPIC-04: Odontograma,,Melissa,Crear panel lateral de condiciones,odontograma,5
T-4.5,Task,EPIC-04: Odontograma,,Melissa,Implementar logica de seleccion de superficie,odontograma,8
T-4.6,Task,EPIC-04: Odontograma,,Melissa,Crear servicio de odontograma (CRUD),odontograma,5
T-4.7,Task,EPIC-04: Odontograma,,Melissa,Implementar guardado de condiciones por pieza,odontograma,5
T-4.8,Task,EPIC-04: Odontograma,,Melissa,Crear vista de historial de odontogramas,odontograma,5
T-4.10,Task,EPIC-04: Odontograma,,Melissa,Agregar observaciones por pieza,odontograma,5
T-4.11,Task,EPIC-04: Odontograma,,Melissa,Integrar odontograma en ficha del paciente,odontograma,5
US-5.1,Story,EPIC-05: Diagnostico y Plan de Tratamiento,P0,Angelica,Crear diagnostico,diagnostico-tratamiento,5
US-5.2,Story,EPIC-05: Diagnostico y Plan de Tratamiento,P1,Angelica,Modificar diagnostico,diagnostico-tratamiento,5
US-5.3,Story,EPIC-05: Diagnostico y Plan de Tratamiento,P1,Angelica,Cambiar estado del diagnostico,diagnostico-tratamiento,3
US-5.4,Story,EPIC-05: Diagnostico y Plan de Tratamiento,P0,Angelica,Crear plan de tratamiento,diagnostico-tratamiento,8
US-5.5,Story,EPIC-05: Diagnostico y Plan de Tratamiento,P0,Angelica,Agregar procedimiento al plan,diagnostico-tratamiento,5
US-5.6,Story,EPIC-05: Diagnostico y Plan de Tratamiento,P0,Angelica,Cambiar estado del plan,diagnostico-tratamiento,5
US-5.7,Story,EPIC-05: Diagnostico y Plan de Tratamiento,P1,Angelica,Consultar tratamientos por estado,diagnostico-tratamiento,5
T-5.1,Task,EPIC-05: Diagnostico y Plan de Tratamiento,,Angelica,Crear tablas diagnosticos + planes_tratamiento + procedimientos_tratamiento + RLS,diagnostico-tratamiento,5
T-5.2,Task,EPIC-05: Diagnostico y Plan de Tratamiento,,Angelica,Crear formulario de diagnostico,diagnostico-tratamiento,5
T-5.3,Task,EPIC-05: Diagnostico y Plan de Tratamiento,,Angelica,Implementar servicio de diagnostico (CRUD),diagnostico-tratamiento,5
T-5.4,Task,EPIC-05: Diagnostico y Plan de Tratamiento,,Angelica,Crear lista de diagnosticos del paciente,diagnostico-tratamiento,5
T-5.5,Task,EPIC-05: Diagnostico y Plan de Tratamiento,,Angelica,Crear formulario de plan de tratamiento,diagnostico-tratamiento,8
T-5.6,Task,EPIC-05: Diagnostico y Plan de Tratamiento,,Angelica,Implementar CRUD de procedimientos,diagnostico-tratamiento,5
T-5.7,Task,EPIC-05: Diagnostico y Plan de Tratamiento,,Angelica,Implementar maquina de estados del plan,diagnostico-tratamiento,5
T-5.8,Task,EPIC-05: Diagnostico y Plan de Tratamiento,,Angelica,Crear vista de tratamientos por estado,diagnostico-tratamiento,5
T-5.9,Task,EPIC-05: Diagnostico y Plan de Tratamiento,,Angelica,Integrar diagnostico y tratamiento en ficha,diagnostico-tratamiento,5
T-5.10,Task,EPIC-05: Diagnostico y Plan de Tratamiento,,Angelica,Calcular total del plan automaticamente,diagnostico-tratamiento,5
US-6.1,Story,EPIC-06: Evolucion Clinica,P0,Lucas,Registrar evolucion clinica,evolucion-clinica,8
US-6.2,Story,EPIC-06: Evolucion Clinica,P1,Lucas,Consultar evolucion cronologica,evolucion-clinica,5
US-6.3,Story,EPIC-06: Evolucion Clinica,P2,Lucas,Registrar proxima atencion,evolucion-clinica,3
US-6.4,Story,EPIC-06: Evolucion Clinica,P1,Lucas,Asociar evolucion a plan de tratamiento,evolucion-clinica,5
T-6.1,Task,EPIC-06: Evolucion Clinica,,Lucas,Crear tabla evoluciones_clinicas + RLS,evolucion-clinica,5
T-6.2,Task,EPIC-06: Evolucion Clinica,,Lucas,Crear formulario de evolucion clinica,evolucion-clinica,8
T-6.3,Task,EPIC-06: Evolucion Clinica,,Lucas,Implementar servicio de evolucion (CRUD),evolucion-clinica,5
T-6.4,Task,EPIC-06: Evolucion Clinica,,Lucas,Crear vista de evolucion cronologica,evolucion-clinica,5
T-6.5,Task,EPIC-06: Evolucion Clinica,,Lucas,Implementar seleccion de proxima atencion,evolucion-clinica,3
T-6.6,Task,EPIC-06: Evolucion Clinica,,Lucas,Vincular evolucion con plan de tratamiento,evolucion-clinica,5
T-6.7,Task,EPIC-06: Evolucion Clinica,,Lucas,Integrar evolucion en ficha del paciente,evolucion-clinica,5
US-7.1,Story,EPIC-07: Agenda y Citas,P0,Matias,Cargar disponibilidad horaria,agenda-citas,8
US-7.2,Story,EPIC-07: Agenda y Citas,P0,Matias,Agendar cita,agenda-citas,8
US-7.3,Story,EPIC-07: Agenda y Citas,P0,Matias,Visualizar calendario,agenda-citas,13
US-7.4,Story,EPIC-07: Agenda y Citas,P1,Matias,Reprogramar cita,agenda-citas,5
US-7.5,Story,EPIC-07: Agenda y Citas,P1,Matias,Cancelar cita,agenda-citas,5
US-7.7,Story,EPIC-07: Agenda y Citas,P1,Matias,Cambiar estado de cita,agenda-citas,5
T-7.1,Task,EPIC-07: Agenda y Citas,,Matias,Crear tablas horarios + citas + RLS (sin excepciones_horarios: version 2),agenda-citas,5
T-7.2,Task,EPIC-07: Agenda y Citas,,Matias,Crear formulario de disponibilidad horaria,agenda-citas,8
T-7.3,Task,EPIC-07: Agenda y Citas,,Matias,Implementar CRUD de horarios,agenda-citas,5
T-7.4,Task,EPIC-07: Agenda y Citas,,Matias,Crear componente de calendario (vista diaria/semanal),agenda-citas,13
T-7.5,Task,EPIC-07: Agenda y Citas,,Matias,Implementar selector de horarios disponibles para paciente,agenda-citas,8
T-7.6,Task,EPIC-07: Agenda y Citas,,Matias,Crear flujo de agendamiento de citas,agenda-citas,8
T-7.7,Task,EPIC-07: Agenda y Citas,,Matias,Implementar reprogramacion de citas,agenda-citas,5
T-7.8,Task,EPIC-07: Agenda y Citas,,Matias,Implementar cancelacion de citas,agenda-citas,5
T-7.10,Task,EPIC-07: Agenda y Citas,,Matias,Implementar maquina de estados de cita,agenda-citas,5
T-7.11,Task,EPIC-07: Agenda y Citas,,Matias,Integrar agenda en ficha del paciente,agenda-citas,5
US-8.1,Story,EPIC-08: Presupuestos,P0,Bianca,Crear presupuesto,presupuestos,8
US-8.2,Story,EPIC-08: Presupuestos,P2,Bianca,Aplicar descuento,presupuestos,5
US-8.4,Story,EPIC-08: Presupuestos,P1,Bianca,Modificar presupuesto,presupuestos,5
T-8.1,Task,EPIC-08: Presupuestos,,Bianca,Crear tablas presupuestos + items_presupuesto + RLS,presupuestos,5
T-8.2,Task,EPIC-08: Presupuestos,,Bianca,Crear formulario de presupuesto,presupuestos,8
T-8.3,Task,EPIC-08: Presupuestos,,Bianca,Implementar CRUD de items de presupuesto,presupuestos,5
T-8.4,Task,EPIC-08: Presupuestos,,Bianca,Implementar calculo de total y descuento,presupuestos,5
T-8.6,Task,EPIC-08: Presupuestos,,Bianca,Crear lista de presupuestos con filtros,presupuestos,5
T-8.7,Task,EPIC-08: Presupuestos,,Bianca,Integrar servicios de catalogo en presupuesto,presupuestos,5
T-8.8,Task,EPIC-08: Presupuestos,,Bianca,Implementar estados de presupuesto,presupuestos,5
US-9.3,Story,EPIC-09: Pagos y Cuentas,P0,Carlos,Registrar pago,pagos,5
US-9.4,Story,EPIC-09: Pagos y Cuentas,P0,Carlos,Registrar pago parcial,pagos,5
US-9.5,Story,EPIC-09: Pagos y Cuentas,P1,Carlos,Ver historial de pagos,pagos,5
US-9.6,Story,EPIC-09: Pagos y Cuentas,P0,Carlos,Ver estado de cuenta,pagos,5
T-9.1,Task,EPIC-09: Pagos y Cuentas,,Carlos,Crear tabla pagos + RLS (sin codigos_qr_pago: el QR es imagen estatica),pagos,5
T-9.4,Task,EPIC-09: Pagos y Cuentas,,Carlos,Crear flujo de registro de pago,pagos,5
T-9.5,Task,EPIC-09: Pagos y Cuentas,,Carlos,Implementar pago parcial,pagos,5
T-9.6,Task,EPIC-09: Pagos y Cuentas,,Carlos,Crear vista de historial de pagos,pagos,5
T-9.7,Task,EPIC-09: Pagos y Cuentas,,Carlos,Implementar estado de cuenta (total/pagado/pendiente),pagos,5
T-9.8,Task,EPIC-09: Pagos y Cuentas,,Carlos,Integrar pagos en ficha del paciente,pagos,5
